{
  "step": 2000,
  "sigma_P": 0.7001585423483448,
  "fraction_high_P": 0.6285790205001831,
  "bimodality": 0.6302112185233855,
  "L_J_mpc": 0.831329768366977,
  "D_median_pos": 2.7959382154364048,
  "D_median_neg": 2.7959382154364048,
  "n_domains_pos": 100592,
  "n_domains_neg": 99110
}