{
  "step": 1000,
  "threshold": 0.8,
  "L_J_mpc": 0.9861280086305122,
  "cell_size_mpc": 0.78125,
  "positive": {
    "n": 60421,
    "n_valid": 16722,
    "D_median": 2.7959382154364048,
    "D_mean": 2.8904453576931144,
    "D_max": 158.44715088739756,
    "D_p75": 3.0773281932584267,
    "D_p90": 3.708399369655067
  },
  "negative": {
    "n": 60251,
    "n_valid": 16653,
    "D_median": 2.7959382154364048,
    "D_mean": 2.9012664544025375,
    "D_max": 157.77442783529597,
    "D_p75": 3.0773281932584267,
    "D_p90": 3.708399369655067
  }
}