{
  "step": 1000,
  "sigma_P": 0.8273331377809877,
  "mean_P": -0.0034943872200089154,
  "skewness_P": 0.005156683627343774,
  "kurtosis_P": -1.6887223205144308,
  "bimodality_coefficient": 0.7626352579862075,
  "fraction_high_P": 0.7764912247657776,
  "P_min": -0.9999999999999171,
  "P_max": 0.999999999999885
}