{
  "step": 1000,
  "sigma_P": 0.8273331377809877,
  "fraction_high_P": 0.7764912247657776,
  "bimodality": 0.7626352579862075,
  "L_J_mpc": 0.9861280086305122,
  "mean_grad": 0.6669453972945828,
  "D_median_pos": 2.7959382154364048,
  "D_median_neg": 2.7959382154364048,
  "corr_absP_delta": 0.09345478143150118
}