{
  "threshold": 0.8,
  "subsampled": true,
  "subsample_factor": 2,
  "effective_cell_size_mpc": 1.5625,
  "positive": {
    "n": 43011,
    "n_valid": 11400,
    "D_min": 2.4424770056149128,
    "D_median": 2.4424770056149128,
    "D_mean": 2.8553979650413006,
    "D_max": 176.39937236732476,
    "D_p75": 3.0773281932584267,
    "D_p90": 3.522661411833833
  },
  "negative": {
    "n": 47030,
    "n_valid": 12174,
    "D_min": 2.4424770056149128,
    "D_median": 2.4424770056149128,
    "D_mean": 2.8556514020532076,
    "D_max": 168.4653926652475,
    "D_p75": 3.0773281932584267,
    "D_p90": 3.522661411833833
  },
  "L_J_mpc": 1.0803974043402103
}