{
  "n_domains_total": 3239,
  "n_domains_valid": 152,
  "cell_size_mpc": 0.78125,
  "D_p25_mpc": 1.2212385028074564,
  "D_p50_mpc": 1.2212385028074564,
  "D_p75_mpc": 1.2212385028074564,
  "D_p90_mpc": 1.3979691077182024,
  "D_p95_mpc": 1.5386640966292133,
  "D_mean_mpc": 2.799277197225698,
  "D_std_mpc": 18.809911744970865,
  "D_max_mpc": 233.9353117550988
}