{
  "sigma_P": 0.8813665920299124,
  "mean_P": 0.046033992936365446,
  "skewness_P": -0.09333240854582435,
  "kurtosis_P": -1.7798593911433216,
  "bimodality_coefficient": 0.8267169629164035,
  "fraction_high_P": 0.8381119966506958,
  "P_min": -0.9999999999999544,
  "P_max": 0.9999999999999328
}